{
  "name": "京东定时任务",
  "desc": "elecV2P 京东定时任务订阅。该订阅仅可用于 elecV2P, 与其他软件并不兼容。相关说明参考: https://github.com/elecV2/elecV2P-dei/tree/master/docs/06-task.md",
  "author": "asd920",
  "date": "2021-05-15 16:16:30",
  "surl": "https://gitee.com/asd920/Auto-jd",
    "list": [
        {
            "name": "京豆变动通知",
            "type": "cron",
            "time": "0 20 * * *",
            "running": true,
            "job": {
                "type": "runjs",
                "target": "https://gitee.com/asd920/Auto-jd/raw/main/jd_bean_change.js"
            }
        },
        {
            "name": "领京豆额外奖励",
            "type": "cron",
            "time": "15 7 * * *",
            "running": true,
            "job": {
                "type": "runjs",
                "target": "https://gitee.com/asd920/Auto-jd/raw/main/jd_bean_home.js"
            }
        },
        {
            "name": "京东签到",
            "type": "cron",
            "time": "0 0 * * *",
            "running": true,
            "job": {
                "type": "runjs",
                "target": "https://ghproxy.com/https://raw.githubusercontent.com/NobyDa/Script/master/JD-DailyBonus/JD_DailyBonus.js"
            }
        },
        {
            "name": "东东超市兑换奖品",
            "type": "cron",
            "time": "0 0 * * *",
            "running": true,
            "job": {
                "type": "runjs",
                "target": "https://gitee.com/asd920/Auto-jd/raw/main/jd_blueCoin.js"
            }
        },
        {
            "name": "口袋书店",
            "type": "cron",
            "time": "2 8,12,18 * * *",
            "running": true,
            "job": {
                "type": "runjs",
                "target": "https://gitee.com/asd920/Auto-jd/raw/main/jd_bookshop.js"
            }
        },
        {
            "name": "京东汽车",
            "type": "cron",
            "time": "15 7 * * *",
            "running": true,
            "job": {
                "type": "runjs",
                "target": "https://gitee.com/asd920/Auto-jd/raw/main/jd_car.js"
            }
        },
        {
            "name": "京东汽车兑换",
            "type": "cron",
            "time": "0 0 * * *",
            "running": true,
            "job": {
                "type": "runjs",
                "target": "https://gitee.com/asd920/Auto-jd/raw/main/jd_car_exchange.js"
            }
        },
        {
            "name": "签到领现金",
            "type": "cron",
            "time": "5 0,6-23/4 * * *",
            "running": true,
            "job": {
                "type": "runjs",
                "target": "https://gitee.com/asd920/Auto-jd/raw/main/jd_cash.js"
            }
        },
        {
            "name": "领现金兑换红包",
            "type": "cron",
            "time": "0,1 0 0 * * 6,7,0,1",
            "running": true,
            "job": {
                "type": "runjs",
                "target": "https://gitee.com/asd920/Auto-jd/raw/main/jd_cash_exchange.js"
            }
        },
        {
            "name": "京喜财富岛",
            "type": "cron",
            "time": "10 8,13,19,22 * * *",
            "running": true,
            "job": {
                "type": "runjs",
                "target": "https://gitee.com/asd920/Auto-jd/raw/main/jd_cfd.js"
            }
        },
        {
            "name": "京喜财富岛提现",
            "type": "cron",
            "time": "0-5/1 0 0 * * *",
            "running": true,
            "job": {
                "type": "runjs",
                "target": "https://gitee.com/asd920/Auto-jd/raw/main/jd_cfdtx.js"
            }
        },
        {
            "name": "摇京豆",
            "type": "cron",
            "time": "6 0 * * *",
            "running": true,
            "job": {
                "type": "runjs",
                "target": "https://gitee.com/asd920/Auto-jd/raw/main/jd_club_lottery.js"
            }
        },
        {
            "name": "手机狂欢城",
            "type": "cron",
            "time": "0 0-18/6 * * *",
            "running": true,
            "job": {
                "type": "runjs",
                "target": "https://gitee.com/asd920/Auto-jd/raw/main/jd_carnivalcity.js"
            }
        },
        {
            "name": "天天提鹅",
            "type": "cron",
            "time": "15 0,7-23 * * *",
            "running": true,
            "job": {
                "type": "runjs",
                "target": "https://gitee.com/asd920/Auto-jd/raw/main/jd_daily_egg.js"
            }
        },
        {
            "name": "京喜工厂",
            "type": "cron",
            "time": "20 0,6-23 * * *",
            "running": true,
            "job": {
                "type": "runjs",
                "target": "https://gitee.com/asd920/Auto-jd/raw/main/jd_dreamFactory.js"
            }
        },
        {
            "name": "东东农场",
            "type": "cron",
            "time": "10 0,6-18/6 * * *",
            "running": true,
            "job": {
                "type": "runjs",
                "target": "https://gitee.com/asd920/Auto-jd/raw/main/jd_fruit.js"
            }
        },
        {
            "name": "获取互助码",
            "type": "schedule",
            "time": "0",
            "running": true,
            "job": {
                "type": "runjs",
                "target": "https://gitee.com/asd920/Auto-jd/raw/main/jd_get_share_code.js"
            }
        },
        {
            "name": "东东工厂",
            "type": "cron",
            "time": "15 0,7-23 * * *",
            "running": true,
            "job": {
                "type": "runjs",
                "target": "https://gitee.com/asd920/Auto-jd/raw/main/jd_jdfactory.js"
            }
        },
        {
            "name": "京东赚赚",
            "type": "cron",
            "time": "15 0,7-23 * * *",
            "running": true,
            "job": {
                "type": "runjs",
                "target": "https://gitee.com/asd920/Auto-jd/raw/main/jd_jdzz.js"
            }
        },
        {
            "name": "领金贴",
            "type": "cron",
            "time": "12 0 * * *",
            "running": true,
            "job": {
                "type": "runjs",
                "target": "https://gitee.com/asd920/Auto-jd/raw/main/jd_jin_tie.js"
            }
        },
        {
            "name": "京东宠汪汪",
            "type": "cron",
            "time": "18 0-23/2 * * *",
            "running": true,
            "job": {
                "type": "runjs",
                "target": "https://gitee.com/asd920/Auto-jd/raw/main/jd_joy.js"
            }
        },
        {
            "name": "宠汪汪积分兑换奖品",
            "type": "cron",
            "time": "0 0-16/8 * * *",
            "running": true,
            "job": {
                "type": "runjs",
                "target": "https://gitee.com/asd920/Auto-jd/raw/main/jd_joy_reward.js"
            }
        },
        {
            "name": "预售福利机",
            "type": "cron",
            "time": "10 1,13 * * *",
            "running": true,
            "job": {
                "type": "runjs",
                "target": "https://gitee.com/asd920/Auto-jd/raw/main/jd_ys.js"
            }
        },

        {
            "name": "京东快递签到",
            "type": "cron",
            "time": "25 0 * * *",
            "running": true,
            "job": {
                "type": "runjs",
                "target": "https://gitee.com/asd920/Auto-jd/raw/main/jd_kd.js"
            }
        },
        {
            "name": "京东直播",
            "type": "cron",
            "time": "10-20/5 12 * * *",
            "running": true,
            "job": {
                "type": "runjs",
                "target": "https://gitee.com/asd920/Auto-jd/raw/main/jd_live.js"
            }
        },
        {
            "name": "京东抽奖机",
            "type": "cron",
            "time": "2 0 * * *",
            "running": true,
            "job": {
                "type": "runjs",
                "target": "https://gitee.com/asd920/Auto-jd/raw/main/jd_lotteryMachine.js"
            }
        },
        {
            "name": "京东摇钱树",
            "type": "cron",
            "time": "35 0-23/2 * * *",
            "running": true,
            "job": {
                "type": "runjs",
                "target": "https://gitee.com/asd920/Auto-jd/raw/main/jd_moneyTree.js"
            }
        },
        {
            "name": "京东秒秒币",
            "type": "cron",
            "time": "12 7 * * *",
            "running": true,
            "job": {
                "type": "runjs",
                "target": "https://gitee.com/asd920/Auto-jd/raw/main/jd_ms.js"
            }
        },

        {
            "name": "东东萌宠",
            "type": "cron",
            "time": "16 6-18/6 * * *",
            "running": true,
            "job": {
                "type": "runjs",
                "target": "https://gitee.com/asd920/Auto-jd/raw/main/jd_pet.js"
            }
        },
        {
            "name": "京东金融养猪猪",
            "type": "cron",
            "time": "12 0,7-23 * * *",
            "running": true,
            "job": {
                "type": "runjs",
                "target": "https://gitee.com/asd920/Auto-jd/raw/main/jd_pigPet.js"
            }
        },
        {
            "name": "种豆得豆",
            "type": "cron",
            "time": "6 0,7-21/2 * * *",
            "running": true,
            "job": {
                "type": "runjs",
                "target": "https://gitee.com/asd920/Auto-jd/raw/main/jd_plantBean.js"
            }
        },
        {
            "name": "京东排行榜",
            "type": "cron",
            "time": "6 0 * * *",
            "running": true,
            "job": {
                "type": "runjs",
                "target": "https://gitee.com/asd920/Auto-jd/raw/main/jd_rankingList.js"
            }
        },
        {
            "name": "京东全民开红包",
            "type": "cron",
            "time": "31,52 0,5-23/3 * * *",
            "running": true,
            "job": {
                "type": "runjs",
                "target": "https://gitee.com/asd920/Auto-jd/raw/main/jd_redPacket.js"
            }
        },
        {
            "name": "闪购盲盒",
            "type": "cron",
            "time": "25 8 * * *",
            "running": true,
            "job": {
                "type": "runjs",
                "target": "https://gitee.com/asd920/Auto-jd/raw/main/jd_sgmh.js"
            }
        },
        {
            "name": "进店领豆",
            "type": "cron",
            "time": "10 0 0 * * *",
            "running": true,
            "job": {
                "type": "runjs",
                "target": "https://gitee.com/asd920/Auto-jd/raw/main/jd_shop.js"
            }
        },
        {
            "name": "东东小窝",
            "type": "cron",
            "time": "18 22 * * *",
            "running": true,
            "job": {
                "type": "runjs",
                "target": "https://gitee.com/asd920/Auto-jd/raw/main/jd_small_home.js"
            }
        },
        {
            "name": "京东极速版红包",
            "type": "cron",
            "time": "1 0 * * *",
            "running": true,
            "job": {
                "type": "runjs",
                "target": "https://gitee.com/asd920/Auto-jd/raw/main/jd_speed_redpocke.js"
            }
        },
        {
            "name": "京东极速版",
            "type": "cron",
            "time": "2 7 * * *",
            "running": true,
            "job": {
                "type": "runjs",
                "target": "https://gitee.com/asd920/Auto-jd/raw/main/jd_speed_sign.js"
            }
        },
        {
            "name": "东东超市",
            "type": "cron",
            "time": "18 0,7-23/1 * * *",
            "running": true,
            "job": {
                "type": "runjs",
                "target": "https://gitee.com/asd920/Auto-jd/raw/main/jd_superMarket.js"
            }
        },
        {
            "name": "赚京豆",
            "type": "cron",
            "time": "20 0 * * *",
            "running": true,
            "job": {
                "type": "runjs",
                "target": "https://gitee.com/asd920/Auto-jd/raw/main/jd_syj.js"
            }
        },
        {
            "name": "取关京东店铺商品",
            "type": "cron",
            "time": "30 23 * * *",
            "running": true,
            "job": {
                "type": "runjs",
                "target": "https://gitee.com/asd920/Auto-jd/raw/main/jd_unsubscribe.js"
            }
        },
        {
            "name": "健康社区",
            "type": "cron",
            "time": "30 10-22/3 * * *",
            "running": true,
            "job": {
                "type": "runjs",
                "target": "https://gitee.com/asd920/Auto-jd/raw/main/jd_z_health_community.js"
            }
        },
        {
            "name": "健康社区收取能量",
            "type": "cron",
            "time": "30 0,6-23/1 * * *",
            "running": true,
            "job": {
                "type": "runjs",
                "target": "https://gitee.com/asd920/Auto-jd/raw/main/jd_z_health_energy.js"
            }
        },
        {
            "name": "店铺签到",
            "type": "cron",
            "time": "35 8 * * *",
            "running": true,
            "job": {
                "type": "runjs",
                "target": "https://gitee.com/asd920/Auto-jd/raw/main/jd_dpqd.js"
            }
        },
        {
            "name": "泡泡大战",
            "type": "cron",
            "time": "1 0 * * *",
            "running": true,
            "job": {
                "type": "runjs",
                "target": "https://gitee.com/asd920/Auto-jd/raw/main/jd_ppdz.js"
            }
        },
        {
            "name": "女装盲盒",
            "type": "cron",
            "time": "20 9,23 * * *",
            "running": true,
            "job": {
                "type": "runjs",
                "target": "https://gitee.com/asd920/Auto-jd/raw/main/jd_nzmh.js"
            }
        },
        {
            "name": "店铺大转盘",
            "type": "cron",
            "time": "1 8,20 * * *",
            "running": true,
            "job": {
                "type": "runjs",
                "target": "https://gitee.com/asd920/Auto-jd/raw/main/jd_monk_shop_lottery.js"
            }
        },
        {
            "name": "整点京豆雨",
            "type": "cron",
            "time": "1 0,6-23/1 * * *",
            "running": true,
            "job": {
                "type": "runjs",
                "target": "https://gitee.com/asd920/Auto-jd/raw/main/jd_super_redrain.js"
            }
        },
        {
            "name": "半点京豆雨",
            "type": "cron",
            "time": "30 20-23/1 * * *",
            "running": true,
            "job": {
                "type": "runjs",
                "target": "https://gitee.com/asd920/Auto-jd/raw/main/jd_half_redrain.js"
            }
        },
        {
            "name": "幸运大转盘",
            "type": "cron",
            "time": "20 10 * * *",
            "running": true,
            "job": {
                "type": "runjs",
                "target": "https://gitee.com/asd920/Auto-jd/raw/main/jd_market_lottery.js"
            }
        },
        {
            "name": "金榜创造营",
            "type": "cron",
            "time": "25 6,22 * * *",
            "running": true,
            "job": {
                "type": "runjs",
                "target": "https://gitee.com/asd920/Auto-jd/raw/main/jd_gold_creator.js"
            }
        },
        {
            "name": "京东电竞经理",
            "type": "cron",
            "time": "40 10 * * *",
            "running": true,
            "job": {
                "type": "runjs",
                "target": "https://gitee.com/asd920/Auto-jd/raw/main/jd_djjl.js"
            }
        },
        {
            "name": "攒金币赢大礼",
            "type": "cron",
            "time": "22 0,8 * * *",
            "running": true,
            "job": {
                "type": "runjs",
                "target": "https://gitee.com/asd920/Auto-jd/raw/main/jd_GoldcoinToGift.js"
            }
        },
        {
            "name": "柠檬推一推",
            "type": "cron",
            "time": "20 0,6-23/1 * * *",
            "running": true,
            "job": {
                "type": "runjs",
                "target": "https://gitee.com/asd920/Auto-jd/raw/main/jd_tyt.js"
            }
        },
        {
            "name": "柠檬京喜牧场",
            "type": "cron",
            "time": "0 10 * * * *",
            "running": true,
            "job": {
                "type": "runjs",
                "target": "https://gitee.com/asd920/Auto-jd/raw/main/jd_jxmc.js"
            }
        },
        {
            "name": "柠檬赚金币",
            "type": "cron",
            "time": "45 0,6-23/1 * * *",
            "running": true,
            "job": {
                "type": "runjs",
                "target": "https://gitee.com/asd920/Auto-jd/raw/main/jd_zjb.js"
            }
        },
        {
            "name": "京东众筹",
            "type": "cron",
            "time": "20 12,14 * * *",
            "running": true,
            "job": {
                "type": "runjs",
                "target": "https://gitee.com/asd920/Auto-jd/raw/main/jd_wish.js"
            }
        },
        {
            "name": "东东乐园",
            "type": "cron",
            "time": "18 7 * * *",
            "running": true,
            "job": {
                "type": "runjs",
                "target": "https://gitee.com/asd920/Auto-jd/raw/main/jd_ddly.js"
            }
        },
        {
            "name": "京东金榜",
            "type": "cron",
            "time": "13 6 * * *",
            "running": true,
            "job": {
                "type": "runjs",
                "target": "https://gitee.com/asd920/Auto-jd/raw/main/jd_gold_sign.js"
            }
        },
      {
            "name": "京东超级盒子",
            "type": "cron",
            "time": "24 3,13 * * *",
            "running": true,
            "job": {
                "type": "runjs",
                "target": "https://gitee.com/asd920/Auto-jd/raw/main/jd_cjhz.js"
            }
        },
            {
            "name": "我是大老板",
            "type": "cron",
            "time": "5 0-23/6 * * *",
            "running": true,
            "job": {
                "type": "runjs",
                "target": "https://gitee.com/asd920/Auto-jd/raw/main/jd_wsdlb.js"
            }
        },
         {
            "name": "魔方",
            "type": "cron",
            "time": "18 7,17 * * *",
            "running": true,
            "job": {
                "type": "runjs",
                "target": "https://gitee.com/asd920/Auto-jd/raw/main/jd_mf.js"
            }
        },
    {
      "name": "汪汪乐园任务",
      "type": "cron",
      "time": "15 9 * * *",
      "running": true,
      "job": {
        "type": "runjs",
        "target": "https://gitee.com/asd920/Auto-jd/raw/main/jd_joy_park_task.js"
      }
    },
       {
      "name": "汪汪乐园合成",
      "type": "cron",
      "time": "20 0-23/3 * * *",
      "running": true,
      "job": {
        "type": "runjs",
        "target": "https://gitee.com/asd920/Auto-jd/raw/main/jd_joypark_joy.js"
      }
    },
      {
      "name": "内容鉴赏官",
      "type": "cron",
      "time": "15 0,21 * 9 *",
      "running": true,
      "job": {
        "type": "runjs",
        "target": "https://gitee.com/asd920/Auto-jd/raw/main/jd_connoisseur.js"
      }
    },
      {
      "name": "天天优惠大乐透",
      "type": "cron",
      "time": "50 7 * * *",
      "running": true,
      "job": {
        "type": "runjs",
        "target": "https://gitee.com/asd920/Auto-jd/raw/main/jd_DrawEntrance.js"
      }
    },
       {
      "name": "城城分现金",
      "type": "cron",
      "time": "0 0-23/5 * * *",
      "running": true,
      "job": {
        "type": "runjs",
        "target": "https://gitee.com/asd920/Auto-jd/raw/main/jd_city.js"
      }
    },
       {
      "name": "特物z",
      "type": "cron",
      "time": "23 8,9 * * *",
      "running": true,
      "job": {
        "type": "runjs",
        "target": "https://gitee.com/asd920/Auto-jd/raw/main/jd_superBrand.js"
      }
    },
      {
      "name": "京喜签到",
      "type": "cron",
      "time": "5 0 * * *",
      "running": true,
      "job": {
        "type": "runjs",
        "target": "https://gitee.com/asd920/Auto-jd/raw/main/jd_jxqd.js"
      }
    },
       {
      "name": "会场红包",
      "type": "cron",
      "time": "0 0,23,12 * * *",
      "running": true,
      "job": {
        "type": "runjs",
        "target": "https://gitee.com/asd920/Auto-jd/raw/main/jd_redEnvelope.js"
      }
    },
      {
      "name": "京喜领红包",
      "type": "cron",
      "time": "37 0,5-23/3 * * *",
      "running": true,
      "job": {
        "type": "runjs",
        "target": "https://gitee.com/asd920/Auto-jd/raw/main/jd_jxlhb.js"
      }
    },
        {
      "name": "领券中心签到",
      "type": "cron",
      "time": "35 0,15 * * *",
      "running": true,
      "job": {
        "type": "runjs",
        "target": "https://gitee.com/asd920/Auto-jd/raw/main/jd_ccSign.js"
      }
    },
       {
      "name": "5G盲盒",
      "type": "cron",
      "time": "0 0,1-23/3 * * *",
      "running": true,
      "job": {
        "type": "runjs",
        "target": "https://gitee.com/asd920/Auto-jd/raw/main/jd_mohe.js"
      }
    },
       {
      "name": "送豆得豆",
      "type": "cron",
      "time": "35 0,9 * * *",
      "running": true,
      "job": {
        "type": "runjs",
        "target": "https://gitee.com/asd920/Auto-jd/raw/main/jd_superBrand.js"
      }
    },
       {
      "name": "积分换话费",
      "type": "cron",
      "time": "35 1,16 * * *",
      "running": true,
      "job": {
        "type": "runjs",
        "target": "https://gitee.com/asd920/Auto-jd/raw/main/jd_dwapp.js"
      }
    },
      {
      "name": "早起福利",
      "type": "cron",
      "time": "35 6 * * *",
      "running": true,
      "job": {
        "type": "runjs",
        "target": "https://gitee.com/asd920/Auto-jd/raw/main/jd_goodMorning.js"
      }
    }
    ]
}
